Category,price,Dish name
English dishes,"20,000.00",COMBO 7
English dishes,"6,000.00",COMBO 6
English dishes,"6,000.00",COMBO 5
English dishes,"15,000.00",COMBO 4
English dishes,"13,000.00",COMBO 3
English dishes,"8,000.00",COMBO 2
English dishes,"6,000.00",COMBO 1
English dishes,"8,000.00",Chicken salad
English dishes,"8,000.00",CEO Salad
English dishes,"1,000.00",Sausages
English dishes,"4,000.00",PLAIN JOLLOF RICE
English dishes,"2,500.00",OMLETTE
English dishes,800,EXTRA BEEF
English dishes,"2,500.00",INDOMIE ONLY
English dishes,"4,000.00",PLAIN WHITE RICE
English dishes,"4,000.00",GOLDEN YAM
English dishes,"5,500.00",FRIED RICE ONLY
English dishes,"2,000.00",SCRAMMBLED EGGS
English dishes,"5,000.00","INDOMIE, EGG AND SAUSAUGE"
English dishes,800,BOILED EGG (1PIECE)
English dishes,"4,000.00",Porridge Beans &  sweet  patatoes
English dishes,"3,000.00",FRIED PLANTAIN (6 PIECES)
English dishes,"5,000.00",CHICKEN PARTS
English dishes,"2,000.00",BOILED SWEET POTATOES
English dishes,"4,000.00",JOLLOF RICE AND BEANS
English dishes,"9,500.00",FRIED RICE AND CHICKEN
English dishes,"3,500.00",PLAIN WHITE RICE AND BEANS
English dishes,"4,000.00",Rice and Beans (Garaugarau)
English dishes,"3,000.00",Fried Yam/ Boiled Yam
English dishes,"2,000.00",Fried Egg (2 Pcs)
English dishes,"2,000.00",Moi Moi (1 Pcs)
English dishes,"5,000.00",Spaghetti Jollof
English dishes,"5,000.00",Yam & Egg
English dishes,"4,000.00",Indomie & Egg
English dishes,"6,000.00",Irish Potato Porridge
English dishes,"7,000.00",L & N Special
Grill (Gashi/ Protein),"6,500.00",GRILLED CROAKER FISH
Grill (Gashi/ Protein),"20,000.00",Grilled CAT FISH big
Grill (Gashi/ Protein),"18,000.00",GRILLED CAT FISH small
Grill (Gashi/ Protein),"7,000.00",FRIED INTESTINE AND RAM
Grill (Gashi/ Protein),"4,000.00",FRIED LOCAL CHICKEN
Grill (Gashi/ Protein),"5,500.00",Fried Ice Fish
Grill (Gashi/ Protein),"3,000.00",L & N Peppered Beef
Grill (Gashi/ Protein),"5,000.00",Beef Stew
Grill (Gashi/ Protein),"9,000.00",Roasted Fish and Plantain
Grill (Gashi/ Protein),"5,000.00",Grilled Tilapia Fish
Grill (Gashi/ Protein),"8,500.00",Gas Chicken
Grill (Gashi/ Protein),"6,000.00",Gas Meat
Grill (Gashi/ Protein),"8,500.00",Grilled Chicken
Grill (Gashi/ Protein),"8,000.00",Balangu (Ram Meat)
Side dishes,"5,500.00",FISH PART
Side dishes,"2,500.00",Egg Sauce
Side dishes,"3,500.00",Fried Chips
Side dishes,"3,000.00",Boiled Yam (4 Pcs)
Side dishes,"2,000.00",Beef Part (2 Pcs)
Side dishes,"3,500.00",Boiled Irish Potato
Side dishes,"2,500.00",Boiled Plantain
Soups,"4,000.00",Taushe (NO MEAT)
Soups,"5,000.00",Miyan Taushe (Groundnut Soup)
Soups,"5,000.00",Miyan Zogale (Moringa Soup)
Soups,"4,500.00",Miyan Kubewa (Fresh Okra Soup)
Soups,"5,000.00",Miyan Ganye (Spinach)
Soups,"5,500.00",Miyan Egusi
Soups,"5,500.00",Miyan Ogbono
Soups,"7,000.00",Ferfesu Kayan Ciki (Assorted Pepper Soup)
Soups,"6,500.00",Ferfesu Kaza (Chicken Pepper Soup)
Soups,"7,500.00",Ferfesu Naman Rago (Ram Pepper Soup)
Soups,"7,500.00",Fefesu Jalan Shanu (Cow Tail Pepper Soup)
Soups,"4,500.00",Miyan Kubewa (Dried Okra Soup)
Alacarte,"3,500.00",DENDERU RAGO
Alacarte,"2,500.00",SANDWICH (2PIECES)
Alacarte,"1,000.00",PANCAKES (5PIECES)
Alacarte,"3,000.00",SAMOSA (5PIECES)
Alacarte,"1,500.00",FANKASO
Alacarte,"6,000.00",KUNU MADARA
Alacarte,"5,000.00",PATEN ACHA
Alacarte,"6,000.00",KIDNEY AND LIVER SAUCE
Sauces,"6,500.00",CHICKEN SAUCE
Sauces,"7,000.00",FISH  STEW
Sauces,"3,000.00",STEW WITHOUT MEAT
Sauces,"7,000.00",CHICKEN STEW
Sauces,"1,000.00",Pepper Sauce
Salads,"6,000.00",GREEN SALAD
Salads,"2,000.00",FRUIT CUP SALAD
Salads,"8,000.00",CEO SALAD
Salads,"3,500.00",Potato Salad
Salads,"2,000.00",Coleslaw
Salads,"5,000.00",Chicken Salad
Mocktails,"2,500.00",Virgin Mojito
Mocktails,"3,000.00",Lemonade
Mocktails,"4,000.00",Chapman
Smoothies,"6,000.00",STRAWBERRY MILKSHAKE
Smoothies,"6,000.00",VANILA MILKSHAKE
Smoothies,"6,000.00",OREOS SKAKE
Fresh Juice,"6,000.00",FRESH PINEAPPLE JUICE
Fresh Juice,"3,500.00",TROPICAL DELIGHT
Fresh Juice,"4,500.00",Watermelon Juice
Fresh Juice,"5,000.00",Orange Juice
Drinks,"2,500.00",Monster Energy
Drinks,"2,000.00",Chi Exotic Medium
Drinks,"1,500.00",5alive
Drinks,"1,500.00",Hollandia Medium
Drinks,800,Small Sprite
Drinks,800,Small Fanta
Drinks,800,Small Coke
Drinks,"1,000.00",PREDATOR
Drinks,"1,500.00",KUKA BAOBAB DRINK
Drinks,500,Water
Drinks,"1,000.00",Malt
Drinks,"1,000.00",Big Fanta
Drinks,"1,000.00",Big Sprite
Drinks,"1,000.00",Big Coke
Drinks,"1,000.00",Swcheeps
Drinks,"2,500.00",Kunu Aya
Drinks,"1,500.00",Ginger
Drinks,"1,500.00",Tamarine
Drinks,"1,500.00",Zobo
Tea,"1,500.00",Lipton
Tea,"4,000.00",Arabian Tea Big
Tea,"2,500.00",Arabian  Tea Small
Books,"3,500.00",SOMETHING DEEP
Books,"3,500.00",MASK
Traditional,"10,000.00",Margi soup
Traditional,500,Masa (1 Pcs)
Traditional,"3,000.00",Dambo Shinkafa (no meat)
Traditional,"15,000.00",THURSDAY IFTAR
Traditional,"15,000.00",MONDAY IFTAR
Traditional,"3,000.00",KWADON ZOGALE
Traditional,"1,000.00",TSIRI
Traditional,"3,000.00",FURA DA NONO
Traditional,"7,000.00",White Soup
Traditional,"6,500.00",Bitter Leaf Soup
Traditional,700,TUWON GARRI
Traditional,"3,000.00",BISKIN SHINKAFA
Traditional,"4,500.00",MIYAN KUKA WITH BEEF
Traditional,"1,500.00",CHICKEN BABANO (1PIECE)
Traditional,"6,000.00",CHICKEN BABANO
Traditional,250,Mai Shanu
Traditional,"2,000.00",Kunu Tsamiya
Traditional,"2,500.00",Kunu Geda
Traditional,"1,000.00",Wheat
Traditional,"6,000.00",Dambo Sauce
Traditional,"8,000.00",Dambo Shinkafa with Meat
Traditional,"2,500.00",Sinarsi (1 Pcs)
Traditional,"4,000.00","Danwake ( Flour, Kuka & Potash)"
Traditional,"2,000.00",Sakwara (Pounded Yam)
Traditional,"1,000.00",Tuwon Semovita
Traditional,"1,000.00",Tuwon Shinkafa (Rice Swallow)
Snacks,300,SAUSAGE ROLL 1 PIECE
Snacks,"1,000.00",POP CORN
Snacks,"1,000.00",Puff-Puff(5 Pcs)
Snacks,"2,000.00",Akara(10 Pcs)
Others,"15,000.00",Buffet
Others,300,TAKEAWAY PACK
Others,300,SMOOTHIE CUP
VIP,"150,000.00",GASHUA
VIP,"350,000.00",GUM LODGE
VIP,"1,000,000.00",BABANGIDA
VIP,"300,000.00",WAZOBIA
VIP,"2,000.00",VIP EXTRA
VIP,"30,000.00",VIP CHARGE
Games,"1,000.00",POOL TABLE
Games,500,TABLE TENNIS
Delivery Charges,"2,000.00",EXTRA LONG DISTANCE
Delivery Charges,"2,000.00",EXTRA EXTRA DELIVERY
Delivery Charges,"1,000.00",LONG DISTANCE
Delivery Charges,600,SHORT DISTANCE
Delivery Charges,"3,000.00",DISTANT DELIVERY
